Dia,Fase,Foco do dia,Fiz o Contato Zero hoje (S/N),Nivel de regulacao emocional (1-5),Sinal de reconstrucao observado (S/N/NA),Nota do dia
1,Modulo 1 - Primeiros Socorros,Estabilizacao basica,,,,
2,Modulo 1 - Primeiros Socorros,Estabilizacao basica,,,,
3,Modulo 1 - Primeiros Socorros,Definir inicio do Contato Zero,,,,
4,Modulo 2 - Reconstrucao,Retomar 1 rotina propria,,,,
5,Modulo 2 - Reconstrucao,Observar sinais sem agir no impulso,,,,
6,Modulo 2 - Reconstrucao,Observar sinais sem agir no impulso,,,,
7,Modulo 2 - Reconstrucao,Fim minimo do Contato Zero (avaliar extensao),,,,
8,Modulo 2 - Reconstrucao,Retomar 2a rotina/interesse proprio,,,,
9,Modulo 2 - Reconstrucao,Observar comportamento (nao so palavras),,,,
10,Modulo 2 - Reconstrucao,Observar comportamento (nao so palavras),,,,
11,Modulo 2 - Reconstrucao,Vida social minima retomada,,,,
12,Modulo 2 - Reconstrucao,Revisar frases prontas usadas,,,,
13,Modulo 2 - Reconstrucao,Revisar frases prontas usadas,,,,
14,Modulo 2 - Reconstrucao,Fim do periodo de observacao - balanco,,,,
15,Modulo 3 - Conversa Decisiva,Preparar perguntas centrais,,,,
16,Modulo 3 - Conversa Decisiva,Definir local e limite de tempo da conversa,,,,
17,Modulo 3 - Conversa Decisiva,Ter a conversa decisiva (se pronto),,,,
18,Modulo 3 - Conversa Decisiva,Processar a conversa sem decidir no impulso,,,,
19,Modulo 3 - Conversa Decisiva,Observar comportamento pos-conversa,,,,
20,Modulo 3 - Conversa Decisiva,Observar comportamento pos-conversa,,,,
21,Modulo 3 ou 4,Balanco final - reconstruir ou Modulo 4,,,,
