Categoria,Item,Estimativa de custo,Prazo para resolver,Responsavel,Status
Documentacao,Visto/autorizacao de residencia,,,,
Documentacao,Traducao de documentos,,,,
Documentacao,Taxas de processo,,,,
Mudanca,Passagem (ida),,,,
Mudanca,Transporte de pertences,,,,
Mudanca,Caucao de moradia no destino,,,,
Mudanca,Primeiro mes de aluguel,,,,
Mudanca,Mobilia/itens basicos no destino,,,,
Financeiro,Reserva de emergencia (3-6 meses sem renda),,,,
Financeiro,Seguro saude no destino,,,,
Trabalho,Transferencia ou nova vaga confirmada,,,,
Trabalho,Validacao de diploma/certificacoes (se aplicavel),,,,
Outros,Idioma - curso ou certificado (se aplicavel),,,,
Outros,Rede de apoio no destino (contatos),,,,
